Time	Distance_mm	Temp_C	AccX_g	AccY_g	AccZ_g	MagX	MagY	MagZ	Ground_T	Ground_H
9.5	0.625	0.641	-0.0151	-0.0559	-0.0195	31.84389	-9.20646	72.77127	-28.5537	0.005
10.5	0.625	0.641	-0.0151	-0.0559	-0.0195	31.84389	-9.20646	72.77127	-28.5537	0.005
